{
	"sensor_parameter":{
		"fx":259.88755061,
		"fy":282.20223295,
		"cx":298.80120465,
		"cy":236.47196441,
		"k1":-0.25844018,
		"k2":0.09786724,
		"k3":-0.02000400
	}
}