{"sensor_parameter": {"fx": 247.581776, "fy": 276.572365, "cx": 317.095204, "cy":220.353658, "k1":-0.264566, "k2":0.088311, "k3":-0.015592},             "lv_temperature":{"coefficient":[ 2.200000, 3.200000, 0.000000], "calibration": [ 44.000000, 44.000000, 0.000000 ] }}